{
    "accuracy": 0.7200750993668484,
    "precision": 0.7202496789588073,
    "recall": 0.7200750993668484,
    "f1_score": 0.7198271906290239
}